{
  "base": {
    "items": {
      "caption": "plex_item_field:titleSort||plex_item_field:title",
      "media_url": "plex_image_item_field:key",
      "view_item_params": {}
    },
    "view_params": {
      "num_cols": 1,
      "num_rows": 20,
      "paint_path_box": false,
      "paint_scrollbar": false,
      "paint_help_line": false,
      "paint_details": false,
      "content_box_x": 0,
      "content_box_y": 0,
      "content_box_width": 1920,
      "content_box_height": 1080,
      "paint_content_box_background": true
    },
    "base_view_item_params": {
      "item_paint_icon": false,
      "item_paint_caption": true,
      "item_layout": 0
    },
    "not_loaded_view_item_params": {}
  },
  "secondary": {
    "inherits": "base"
  },
  "movie": {
    "inherits": "base",
    "items": {
      "view_item_params": {
        "icon_path": "plex_thumb_item_field:thumb:200:300"
      }
    },
    "view_params": {
      "num_cols": 7,
      "num_rows": 3,
      "paint_sandwich": true,
      "sandwich_base": "gui_skin://special_icons/sandwich_base.aai",
      "sandwich_mask": "cut_icon://{name=sandwich_mask}",
      "sandwich_cover": "cut_icon://{name=sandwich_cover}",
      "sandwich_width": 200,
      "sandwich_height": 300,
      "sandwich_icon_upscale_enabled": true,
      "sandwich_icon_keep_aspect_ratio": true,
      "paint_item_info_in_details": true,
      "paint_icon_selection_box": false,
      "item_paint_caption_within_icon": true
    },
    "base_view_item_params": {
      "item_paint_icon": true,
      "item_padding_top": 0,
      "item_padding_bottom": 0,
      "icon_valign": 1,
      "item_paint_caption": false,
      "icon_scale_factor": 1,
      "icon_sel_scale_factor": 1.2,
      "item_layout": 1
    },
    "not_loaded_view_item_params": {
      "icon_path": "plugin_file://icons/poster.png"
    }
  },
  "show": {
    "inherits": "movie",
    "items": {
      "view_item_params": {
        "icon_path": "plex_image_item_field:banner"
      }
    },
    "view_params": {
      "num_cols": 2,
      "num_rows": 5,
      "sandwich_width": 800,
      "sandwich_height": 150
    },
    "not_loaded_view_item_params": {
      "unset": true,
      "item_paint_caption_within_icon": true
    }
  },
  "season": {
    "inherits": "movie",
    "items": {
      "view_item_params": {
        "icon_path": "plex_thumb_item_field:thumb:200:300||plex_thumb_field:thumb:200:300"
      }
    },
    "view_params": {
      "background_path": "plex_image_field:art",
      "background_width": 1920,
      "background_height": 1080,
      "background_order": "before_all",
      "optimize_full_screen_background": true,
      "paint_content_box_background": false
    }
  },
  "episode": {
    "inherits": "movie",
    "view_params": {
      "num_cols": 6,
      "num_rows": 5,
      "sandwich_width": 250,
      "sandwich_height": 150,
      "background_path": "plex_image_field:art",
      "background_width": 1920,
      "background_height": 1080,
      "background_order": "before_all",
      "optimize_full_screen_background": true,
      "paint_content_box_background": false
    },
    "not_loaded_view_item_params": {
      "item_caption_font_size": 1
    },
    "base_view_item_params": {
      "item_caption_font_size": 1,
      "icon_sel_scale_factor": 1.4
    }
  },
  "photo": {
    "inherits": "episode",
    "view_params": {
      "sandwich_width": 200,
      "sandwich_height": 150
    }
  },
  "plugins": {
    "inherits": "episode",
    "async_icon_loading": false,
    "items": {
      "view_item_params": {
        "icon_path": "plex_image_item_field:thumb"
      }
    },
    "base_view_item_params":{
      "item_paint_caption" :  true
    },
    "view_params":{
      "num_rows": 4,
      "paint_sandwich": false,
      "sandwich_width": 200,
      "sandwich_height": 145
    }
  }
}